Time (seconds);Time (microseconds);Position X (m);Position Y (m);Speed (m/s);Steering angle (deg);Lane change
0;0;0.23;2.47;0.28421574229349744;1.5178932505094958;0
0;10010;0.23;2.47;0.28421574229349744;1.5178932505094958;0
0;20020;0.23;2.47;0.28421574229349744;1.5178932505094958;0
0;30030;0.23;2.47;0.28421574229349744;1.5178932505094958;0
0;40040;0.23;2.47;0.28421574229349744;1.5178932505094958;0
0;50050;0.23;2.47;0.28421574229349744;1.5178932505094958;0
0;60060;0.23;2.47;0.28421574229349744;1.5178932505094958;0
0;70070;0.23;2.47;0.28421574229349744;1.5178932505094958;0
0;80080;0.23;2.47;0.28421574229349744;1.5178932505094958;0
0;90090;0.23;2.47;0.28421574229349744;1.5178932505094958;0
0;100100;0.23;2.47;0.28421574229349744;1.5178932505094958;0
0;110110;0.23;2.47;0.28421574229349744;1.5178932505094958;0
0;120120;0.23;2.47;0.28421574229349744;1.5178932505094958;0
0;130130;0.23;2.47;0.28421574229349744;1.5178932505094958;0
0;140140;0.23;2.47;0.28421574229349744;1.5178932505094958;0
0;150150;0.23;2.47;0.28421574229349744;1.5178932505094958;0
0;160160;0.23;2.47;0.28421574229349744;1.5178932505094958;0
0;170170;0.23;2.47;0.28421574229349744;1.5178932505094958;0
0;180180;0.23;2.47;0.28421574229349744;1.5178932505094958;0
0;190190;0.23;2.47;0.28421574229349744;1.5178932505094958;0
0;200200;0.23;2.47;0.28421574229349744;1.5178932505094958;0
0;210210;0.23;2.47;0.3398382596748288;1.5035721295162463;0
0;220220;0.23;2.47;0.3954607770561601;1.4892510085229969;0
0;230230;0.23;2.47;0.45108329443749146;1.4749298875297474;0
0;240240;0.23;2.47;0.5067058118188228;1.4606087665364982;0
0;250250;0.23;2.47;0.5623283292001542;1.4462876455432487;0
0;260260;0.23;2.47;0.6179508465814855;1.4319665245499993;0
0;270270;0.23;2.47;0.6735733639628169;1.4176454035567498;0
0;280280;0.23001896741074326;2.470009483705372;0.7299305476091428;1.401842416252166;0
0;290290;0.2305410474273043;2.470270523713652;0.805774832789299;1.3467327659844408;0
0;300300;0.23106312744386537;2.470531563721933;0.8816191179694552;1.2916231157167153;0
0;310310;0.2315852074604264;2.4707926037302133;0.9574634031496113;1.2365134654489898;0
0;320320;0.23210728747698745;2.471053643738494;1.0333076883297676;1.1814038151812645;0
0;330330;0.23262936749354848;2.4713146837467743;1.1091519735099238;1.126294164913539;0
0;340340;0.23315144751010952;2.471575723755055;1.1849962586900797;1.0711845146458137;0
0;350350;0.23367352752667056;2.4718367637633354;1.2608405438702361;1.016074864378088;0
0;360360;0.2341956075432316;2.472097803771616;1.3366848290503923;0.9609652141103626;0
0;370370;0.23471768755979264;2.4723588437798965;1.4125291142305483;0.9058555638426372;0
0;380380;0.23556115422509674;2.472718226643093;1.5241030655482026;0.8635742542859488;0
0;390390;0.23678303506314483;2.4731934025245566;1.677746630232558;0.8363975732408394;0
0;400400;0.2380049159011929;2.4736685784060195;1.831390194916914;0.8092208921957299;1
0;410410;0.239226796739241;2.4741437542874825;1.9850337596012695;0.7820442111506205;1
0;420420;0.24044867757728908;2.474618930168946;2.138677324285625;0.7548675301055111;1
0;430430;0.24167055841533716;2.475094106050409;2.292320888969981;0.7276908490604016;1
0;440440;0.24289243925338524;2.475569281931872;2.4459644536543363;0.7005141680152922;1
0;450450;0.24422964929362917;2.4760820176048677;2.6003598235734797;0.6741718297648738;1
0;460460;0.24668419659007204;2.4769586416393112;2.7620388647765703;0.6559128066783484;1
0;470470;0.2491387438865149;2.4778352656737552;2.92371790597966;0.6376537835918231;1
0;480480;0.25159329118295776;2.4787118897081992;3.0853969471827503;0.6193947605052978;1
0;490490;0.25404783847940066;2.4795885137426428;3.2470759883858404;0.6011357374187726;1
0;500500;0.2565023857758435;2.4804651377770868;3.408755029588931;0.5828767143322472;1
0;510510;0.2589569330722864;2.4813417618115308;3.570434070792021;0.5646176912457219;1
0;520520;0.26141148036872924;2.4822183858459748;3.732113111995111;0.5463586681591966;1
0;530530;0.26386602766517214;2.4830950098804183;3.8937921531982007;0.5280996450726714;1
0;540540;0.266320574961615;2.4839716339148623;4.0554711944012904;0.5098406219861461;1
0;550550;0.2687751222580579;2.4848482579493063;4.2171502356043815;0.4915815988996208;1
0;560560;0.27122966955450073;2.48572488198375;4.378829276807472;0.4733225758130955;1
0;570570;0.2746043969605691;2.4865661732522972;4.577065242231419;0.4624000043424327;1
0;580580;0.27839999817121336;2.4873913039502638;4.792021686200253;0.4548329936705264;1
0;590590;0.2821955993818576;2.48821643464823;5.006978130169087;0.44726598299862;1
0;600600;0.2859912005925019;2.489041565346196;5.221934574137922;0.4396989723267136;1
0;610610;0.28978680180314614;2.489866696044162;5.436891018106756;0.4321319616548073;1
0;620620;0.29358240301379035;2.490691826742128;5.651847462075589;0.4245649509829009;1
0;630630;0.2973780042244346;2.491516957440094;5.8668039060444235;0.4169979403109946;1
0;640640;0.3011736054350789;2.4923420881380607;6.0817603500132575;0.4094309296390882;1
0;650650;0.3049692066457231;2.4931672188360268;6.296716793982092;0.4018639189671819;1
0;660660;0.30876480785636734;2.493992349533993;6.511673237950927;0.3942969082952755;1
0;670670;0.3125604090670116;2.494817480231959;6.726629681919761;0.3867298976233691;1
0;680680;0.31635601027765586;2.495642610929925;6.941586125888594;0.3791628869514628;1
0;690690;0.32130588895004725;2.4965509814916746;7.190871492971861;0.2808901375321097;1
0;700700;0.3271377206581817;2.4975229534430303;7.466386686901729;0.11331151989755694;1
0;710710;0.3329695523663162;2.498494925394386;7.7419018808316;-0.054267097736996915;1
0;720720;0.33880138407445065;2.4994668973457417;8.017417074761468;-0.22184571537154965;1
0;730730;0.3446332157825851;2.5004388692970974;8.292932268691336;-0.3894243330061024;1
0;740740;0.35046504749071955;2.5014108412484535;8.568447462621204;-0.5570029506406552;1
0;750750;0.356296879198854;2.502382813199809;8.843962656551074;-0.7245815682752079;1
0;760760;0.36212871090698845;2.503354785151165;9.119477850480942;-0.8921601859097607;1
0;770770;0.36796054261512295;2.5043267571025205;9.394993044410812;-1.0597388035443145;1
0;780780;0.3737923743232574;2.505298729053876;9.67050823834068;-1.2273174211788673;1
0;790790;0.37962420603139185;2.506270701005232;9.94602343227055;-1.39489603881342;1
0;800800;0.3854560377395263;2.5072426729565875;10.22153862620042;-1.562474656447974;1
0;810810;0.39215792258727233;2.5082476304608345;10.500768795761891;-1.6855662216108385;1
0;820820;0.40192959734127215;2.5093689701867032;10.793106434484338;-1.6516950698785713;1
0;830830;0.41170127209527196;2.510490309912572;11.085444073206785;-1.617823918146304;1
0;840840;0.4214729468492717;2.511611649638441;11.377781711929233;-1.583952766414037;1
0;850850;0.43124462160327154;2.5127329893643098;11.67011935065168;-1.5500816146817697;1
0;860860;0.44101629635727135;2.5138543290901785;11.962456989374127;-1.5162104629495026;1
0;870870;0.45078797111127117;2.5149756688160476;12.254794628096574;-1.4823393112172354;1
0;880880;0.460559645865271;2.5160970085419163;12.547132266819023;-1.4484681594849682;1
0;890890;0.4703313206192708;2.517218348267785;12.83946990554147;-1.414597007752701;1
0;900900;0.4801029953732707;2.5183396879936537;13.131807544263921;-1.3807258560204334;1
0;910910;0.48987467012727054;2.519461027719523;13.424145182986368;-1.3468547042881662;1
0;920920;0.4996463448812703;2.5205823674453915;13.716482821708816;-1.312983552555899;1
0;930930;0.5094180196352701;2.5217037071712602;14.008820460431263;-1.2791124008236319;1
0;940940;0.5214863946375361;2.5228737468745095;14.315617951451706;-1.2662354643303204;1
0;950950;0.5343795661643307;2.524061275830925;14.627608299454504;-1.2608980209760772;1
0;960960;0.5472727376911254;2.5252488047873403;14.939598647457304;-1.255560577621834;1
0;970970;0.5601659092179201;2.5264363337437556;15.251588995460102;-1.2502231342675907;1
0;980980;0.5730590807447148;2.527623862700171;15.5635793434629;-1.2448856909133472;1
0;990990;0.5859522522715094;2.5288113916565864;15.875569691465698;-1.239548247559104;1
1;1001;0.5988454237983042;2.529998920613002;16.1875600394685;-1.2342108042048605;1
1;11011;0.6117385953250989;2.5311864495694167;16.4995503874713;-1.2288733608506173;1
1;21021;0.6246317668518936;2.532373978525832;16.811540735474097;-1.223535917496374;1
1;31031;0.6375249383786882;2.5335615074822475;17.123531083476895;-1.2181984741421308;1
1;41041;0.6504181099054829;2.534749036438663;17.435521431479692;-1.2128610307878873;1
1;51051;0.6633112814322776;2.5359365653950783;17.74751177948249;-1.207523587433644;1
1;61061;0.679817747663319;2.536790887383166;18.01697292984763;-1.1736061176220576;1
1;71071;0.6965281184168994;2.537626405920845;18.284034083409825;-1.13807582706765;1
1;81081;0.7132384891704798;2.538461924458524;18.551095236972024;-1.1025455365132426;1
1;91091;0.7299488599240601;2.5392974429962027;18.81815639053422;-1.0670152459588351;1
1;101101;0.7466592306776405;2.540132961533882;19.08521754409642;-1.0314849554044279;1
1;111111;0.7633696014312211;2.540968480071561;19.35227869765862;-0.9959546648500199;1
1;121121;0.7800799721848015;2.54180399860924;19.61933985122082;-0.9604243742956124;1
1;131131;0.7967903429383819;2.542639517146919;19.886401004783014;-0.9248940837412051;1
1;141141;0.8135007136919623;2.543475035684598;20.15346215834521;-0.8893637931867977;1
1;151151;0.8302110844455427;2.544310554222277;20.42052331190741;-0.8538335026323902;1
1;161161;0.846921455199123;2.545146072759956;20.687584465469605;-0.8183032120779828;1
1;171171;0.8636318259527034;2.545981591297635;20.954645619031805;-0.7827729215235754;1
1;181181;0.8799173973761939;2.5469646907500723;21.15123244262963;-0.7734598215653168;1
1;191191;0.8961933984774407;2.547951115059239;21.34623154703891;-0.7647373698132947;1
1;201201;0.9124693995786874;2.548937539368405;21.541230651448195;-0.7560149180612726;1
1;211211;0.9287454006799343;2.5499239636775717;21.73622975585748;-0.7472924663092506;1
1;221221;0.9450214017811813;2.5509103879867383;21.931228860266764;-0.7385700145572284;1
1;231231;0.9612974028824282;2.551896812295905;22.126227964676048;-0.7298475628052064;1
1;241241;0.977573403983675;2.552883236605071;22.32122706908533;-0.7211251110531843;1
1;251251;0.9938494050849217;2.5538696609142377;22.516226173494612;-0.7124026593011623;1
1;261261;1.0101254061861686;2.5548560852234043;22.711225277903896;-0.7036802075491402;1
1;271271;1.0264014072874155;2.555842509532571;22.90622438231318;-0.6949577557971182;1
1;281281;1.042677408388662;2.556828933841737;23.10122348672246;-0.6862353040450961;1
1;291291;1.058953409489909;2.5578153581509038;23.296222591131745;-0.677512852293074;1
1;301301;1.075691120613121;2.558658226952554;23.393428895659113;-0.6736262796567736;1
1;311311;1.092535158572411;2.559468036469828;23.468114573585424;-0.6708533578003312;1
1;321321;1.109379196531701;2.5602778459871014;23.542800251511736;-0.6680804359438888;1
1;331331;1.1262232344909913;2.561087655504375;23.617485929438047;-0.6653075140874464;1
1;341341;1.1430672724502813;2.5618974650216484;23.69217160736436;-0.6625345922310041;1
1;351351;1.1599113104095713;2.562707274538922;23.766857285290673;-0.6597616703745617;1
1;361361;1.1767553483688613;2.5635170840561954;23.841542963216984;-0.6569887485181194;1
1;371371;1.1935993863281513;2.564326893573469;23.916228641143295;-0.654215826661677;1
1;381381;1.2104434242874413;2.5651367030907424;23.990914319069606;-0.6514429048052346;1
1;391391;1.2272874622467314;2.565946512608016;24.065599996995918;-0.6486699829487923;1
1;401401;1.2441315002060216;2.5667563221252894;24.14028567492223;-0.6458970610923499;1
1;411411;1.2609755381653114;2.5675661316425633;24.214971352848544;-0.6431241392359075;1
1;421421;1.2766491612226392;2.56815285428098;24.24667196181116;-0.6450482365102168;1
1;431431;1.2909720250514356;2.568482115518424;24.228764112700983;-0.6523930969060605;1
1;441441;1.305294888880232;2.5688113767558676;24.21085626359081;-0.6597379573019041;1
1;451451;1.3196177527090285;2.569140637993311;24.192948414480632;-0.6670828176977478;1
1;461461;1.333940616537825;2.5694698992307545;24.175040565370455;-0.6744276780935915;1
1;471471;1.3482634803666214;2.5697991604681985;24.15713271626028;-0.6817725384894351;1
1;481481;1.3625863441954178;2.570128421705642;24.139224867150105;-0.6891173988852788;1
1;491491;1.3769092080242142;2.5704576829430854;24.121317018039928;-0.6964622592811225;1
1;501501;1.3912320718530107;2.570786944180529;24.10340916892975;-0.7038071196769662;1
1;511511;1.4055549356818071;2.571116205417973;24.085501319819574;-0.7111519800728098;1
1;521521;1.4198777995106036;2.5714454666554163;24.0675934707094;-0.7184968404686535;1
1;531531;1.4342006633394;2.5717747278928598;24.049685621599224;-0.7258417008644972;1
1;541541;1.4477478754234803;2.572;23.995557200231204;-0.7336757803771756;1
1;551551;1.4596147897453866;2.572;23.862963994990626;-0.7425696573992779;1
1;561561;1.4714817040672927;2.572;23.730370789750044;-0.7514635344213804;1
1;571571;1.4833486183891988;2.572;23.597777584509462;-0.7603574114434827;1
1;581581;1.495215532711105;2.572;23.465184379268884;-0.769251288465585;1
1;591591;1.5070824470330115;2.572;23.3325911740283;-0.7781451654876876;1
1;601601;1.5189493613549176;2.572;23.19999796878772;-0.78703904250979;1
1;611611;1.5308162756768238;2.572;23.067404763547138;-0.7959329195318923;1
1;621621;1.5426831899987299;2.572;22.934811558306556;-0.8048267965539947;1
1;631631;1.5545501043206362;2.572;22.802218353065978;-0.813720673576097;1
1;641641;1.5664170186425423;2.572;22.669625147825396;-0.8226145505981993;1
1;651651;1.5782839329644485;2.572;22.537031942584818;-0.8315084276203017;1
1;661661;1.5894135646794578;2.5719398483115126;22.3923776007935;-0.8425427616448531;1
1;671671;1.5972126543898335;2.571607972153624;22.19323923682387;-0.8632462264600702;1
1;681681;1.6050117441002092;2.571276095995736;21.99410087285424;-0.8839496912752874;1
1;691691;1.6128108338105849;2.5709442198378474;21.794962508884613;-0.9046531560905046;1
1;701701;1.6206099235209606;2.5706123436799593;21.59582414491498;-0.9253566209057217;1
1;711711;1.628409013231336;2.5702804675220707;21.396685780945354;-0.9460600857209389;1
1;721721;1.6362081029417117;2.5699485913641826;21.197547416975723;-0.966763550536156;1
1;731731;1.6440071926520874;2.569616715206294;20.998409053006096;-0.9874670153513732;1
1;741741;1.651806282362463;2.569284839048406;20.799270689036465;-1.0081704801665903;1
1;751751;1.6596053720728388;2.5689529628905174;20.600132325066838;-1.0288739449818074;1
1;761761;1.6674044617832144;2.5686210867326293;20.400993961097207;-1.0495774097970245;1
1;771771;1.6752035514935901;2.568289210574741;20.20185559712758;-1.0702808746122419;1
1;781781;1.6829895255742753;2.567913954297889;19.997174528730877;-1.0885687520040785;1
1;791791;1.6906865947690772;2.567244643933124;19.754921989028357;-1.0904824613776882;1
1;801801;1.6983836639638792;2.5665753335683585;19.512669449325827;-1.0923961707512977;1
1;811811;1.706080733158681;2.565906023203593;19.270416909623307;-1.0943098801249072;1
1;821821;1.7137778023534826;2.5652367128388276;19.028164369920784;-1.0962235894985166;1
1;831831;1.7214748715482844;2.5645674024740623;18.785911830218264;-1.098137298872126;1
1;841841;1.7291719407430863;2.563898092109297;18.54365929051574;-1.1000510082457355;1
1;851851;1.736869009937888;2.5632287817445314;18.30140675081322;-1.1019647176193452;1
1;861861;1.7445660791326898;2.562559471379766;18.059154211110698;-1.1038784269929547;1
1;871871;1.7522631483274915;2.561890161015001;17.816901671408175;-1.1057921363665641;1
1;881881;1.7599602175222935;2.561220850650235;17.574649131705655;-1.1077058457401736;1
1;891891;1.7676572867170952;2.56055154028547;17.332396592003132;-1.109619555113783;1
1;901901;1.7749022949198974;2.5598590164187662;17.091815415661795;-1.1154211160973844;1
1;911911;1.7800302131957073;2.5590577791881706;16.859061560409707;-1.1394302455879373;1
1;921921;1.7851581314715175;2.5582565419575753;16.626307705157615;-1.16343937507849;1
1;931931;1.7902860497473274;2.55745530472698;16.393553849905526;-1.1874485045690428;1
1;941941;1.7954139680231374;2.556654067496385;16.160799994653438;-1.2114576340595955;1
1;951951;1.8005418862989475;2.5558528302657892;15.928046139401348;-1.2354667635501482;1
1;961961;1.8056698045747575;2.555051593035194;15.695292284149257;-1.259475893040701;1
1;971971;1.8107977228505676;2.554250355804599;15.462538428897167;-1.2834850225312537;1
1;981981;1.8159256411263776;2.5534491185740036;15.229784573645079;-1.3074941520218066;1
1;991991;1.8210535594021875;2.552647881343408;14.997030718392988;-1.3315032815123593;1
2;2002;1.8261814776779977;2.5518466441128127;14.764276863140898;-1.355512411002912;1
2;12012;1.8313093959538076;2.5510454068822175;14.531523007888808;-1.3795215404934649;1
2;22022;1.8364373142296178;2.5502441696516223;14.298769152636712;-1.4035306699840182;1
2;32032;1.8407430362213444;2.549428534120553;14.07500735554318;-1.4457429558728627;1
2;42042;1.844688379350923;2.5486065876352244;13.855186889431408;-1.4959339117183927;1
2;52052;1.8486337224805018;2.5477846411498954;13.635366423319638;-1.5461248675639225;1
2;62062;1.8525790656100805;2.5469626946645665;13.415545957207867;-1.5963158234094526;1
2;72072;1.856524408739659;2.5461407481792375;13.195725491096095;-1.6465067792549823;1
2;82082;1.860469751869238;2.5453188016939086;12.975905024984325;-1.6966977351005124;1
2;92092;1.8644150949988165;2.5444968552085796;12.756084558872553;-1.7468886909460422;1
2;102102;1.8683604381283954;2.543674908723251;12.536264092760781;-1.7970796467915722;1
2;112112;1.872305781257974;2.542852962237922;12.316443626649011;-1.847270602637102;1
2;122122;1.8762511243875528;2.542031015752593;12.09662316053724;-1.897461558482632;1
2;132132;1.8801964675171314;2.541209069267264;11.876802694425468;-1.9476525143281618;1
2;142142;1.88414181064671;2.5403871227819352;11.656982228313698;-1.9978434701736916;1
2;152152;1.8879704612789527;2.5395521678911472;11.46346812241076;-2.0341426069514976;1
2;162162;1.8916952207850972;2.5387056316397505;11.293374522950222;-2.05807388153212;1
2;172172;1.8954199802912415;2.537859095388354;11.123280923489686;-2.082005156112743;1
2;182182;1.899144739797386;2.537012559136958;10.953187324029148;-2.1059364306933652;1
2;192192;1.9028694993035302;2.536166022885561;10.783093724568612;-2.1298677052739876;1
2;202202;1.9065942588096747;2.535319486634165;10.613000125108076;-2.1537989798546104;1
2;212212;1.910319018315819;2.534472950382768;10.442906525647539;-2.177730254435233;1
2;222222;1.9140437778219634;2.533626414131372;10.272812926187003;-2.2016615290158557;1
2;232232;1.917768537328108;2.5327798778799755;10.102719326726461;-2.225592803596479;1
2;242242;1.9214932968342522;2.5319333416285787;9.932625727265924;-2.2495240781771013;1
2;252252;1.9252180563403967;2.5310868053771824;9.762532127805388;-2.273455352757724;1
2;262262;1.9289428158465411;2.5302402691257857;9.59243852834485;-2.2973866273383465;1
2;272272;1.932117073714036;2.5292943087619877;9.448620538209319;-2.3080811718156617;1
2;282282;1.9350731628208073;2.5283089457263976;9.315215808854933;-2.31352988085866;1
2;292292;1.9380292519275784;2.527323582690807;9.181811079500548;-2.3189785899016586;1
2;302302;1.9409853410343494;2.5263382196552167;9.048406350146163;-2.3244272989446566;1
2;312312;1.9439414301411206;2.5253528566196266;8.915001620791777;-2.329876007987655;1
2;322322;1.9468975192478917;2.524367493584036;8.781596891437392;-2.3353247170306535;1
2;332332;1.9498536083546627;2.5233821305484456;8.648192162083006;-2.3407734260736515;1
2;342342;1.952809697461434;2.5223967675128556;8.514787432728621;-2.34622213511665;1
2;352352;1.955765786568205;2.521411404477265;8.381382703374236;-2.3516708441596483;1
2;362362;1.9587218756749762;2.5204260414416746;8.24797797401985;-2.3571195532026463;1
2;372372;1.9616779647817473;2.5194406784060845;8.114573244665465;-2.3625682622456448;1
2;382382;1.9646340538885183;2.518455315370494;7.9811685153110785;-2.368016971288643;1
2;392392;1.9671681613974512;2.517370990016757;7.870665995569179;-2.3518752281106217;1
2;402402;1.9693397831900732;2.5162016552053452;7.779836665129866;-2.3171871061831464;1
2;412412;1.9715114049826952;2.5150323203939333;7.689007334690553;-2.2824989842556707;1
2;422422;1.9736830267753172;2.513862985582522;7.598178004251239;-2.247810862328195;1
2;432432;1.9758546485679391;2.51269365077111;7.507348673811926;-2.2131227404007197;1
2;442442;1.9780262703605613;2.511524315959698;7.416519343372612;-2.178434618473244;1
2;452452;1.9801978921531833;2.510354981148286;7.325690012933297;-2.1437464965457673;1
2;462462;1.9823695139458053;2.5091856463368742;7.234860682493983;-2.109058374618292;1
2;472472;1.9845411357384273;2.5080163115254623;7.14403135205467;-2.0743702526908163;1
2;482482;1.9867127575310495;2.5068469767140504;7.053202021615356;-2.0396821307633406;1
2;492492;1.9888843793236715;2.5056776419026385;6.962372691176043;-2.0049940088358653;1
2;502502;1.9910560011162934;2.5045083070912266;6.871543360736729;-1.9703058869083896;1
2;512512;1.9932249047047736;2.5031519890505414;6.80039680192751;-1.9601395394915082;1
2;522522;1.9953917180897744;2.50165188747631;6.7443856029361315;-1.9688295750863742;1
2;532532;1.9975585314747755;2.5001517859020783;6.688374403944753;-1.9775196106812403;1
2;542542;1.9997253448597763;2.498651684327847;6.632363204953375;-1.9862096462761063;1
2;552552;2.001892158244777;2.4971515827536157;6.576352005961996;-1.9948996818709726;1
2;562562;2.004058971629778;2.4956514811793844;6.5203408069706175;-2.0035897174658386;1
2;572572;2.006225785014779;2.494151379605153;6.464329607979239;-2.0122797530607044;1
2;582582;2.00839259839978;2.4926512780309213;6.408318408987861;-2.0209697886555706;1
2;592592;2.0105594117847807;2.49115117645669;6.352307209996482;-2.029659824250437;1
2;602602;2.0127262251697817;2.4896510748824587;6.2962960110051025;-2.038349859845303;1
2;612612;2.0148930385547827;2.4881509733082274;6.240284812013724;-2.047039895440169;1
2;622622;2.0170598519397833;2.486650871733996;6.184273613022345;-2.055729931035035;1
2;632632;2.019316034529381;2.4849659728697717;6.142376160981655;-2.0522326344748385;1
2;642642;2.021640711990927;2.483139440578557;6.111295849973639;-2.0393946510514054;1
2;652652;2.0239653894524734;2.481312908287342;6.080215538965622;-2.0265566676279723;1
2;662662;2.0262900669140196;2.479486375996127;6.049135227957605;-2.013718684204539;1
2;672672;2.0286147443755658;2.4776598437049127;6.0180549169495885;-2.000880700781106;1
2;682682;2.030939421837112;2.4758333114136977;5.986974605941572;-1.9880427173576731;1
2;692692;2.033264099298658;2.474006779122483;5.955894294933555;-1.97520473393424;1
2;702702;2.035588776760204;2.472180246831268;5.924813983925539;-1.962366750510807;1
2;712712;2.03791345422175;2.470353714540053;5.893733672917522;-1.949528767087374;1
2;722722;2.0402381316832963;2.4685271822488386;5.862653361909505;-1.9366907836639409;1
2;732732;2.0425628091448425;2.4667006499576236;5.831573050901488;-1.9238528002405078;1
2;742742;2.0448874866063886;2.4648741176664086;5.800492739893471;-1.9110148168170749;1
2;752752;2.0472923429056027;2.4630522818692246;5.778042449716115;-1.8850448001276774;1
2;762762;2.049770786628458;2.461234756472464;5.7635127158522375;-1.8470223201783982;1
2;772772;2.0522492303513133;2.459417231075703;5.748982981988361;-1.808999840229119;1
2;782782;2.0547276740741687;2.4575997056789425;5.734453248124484;-1.7709773602798398;1
2;792792;2.057206117797024;2.455782180282182;5.719923514260606;-1.7329548803305606;1
2;802802;2.0596845615198798;2.4539646548854215;5.705393780396729;-1.6949324003812813;1
2;812812;2.062163005242735;2.4521471294886608;5.690864046532852;-1.656909920432002;1
2;822822;2.0646414489655904;2.4503296040919;5.676334312668975;-1.6188874404827227;1
2;832832;2.0671198926884458;2.4485120786951398;5.661804578805098;-1.5808649605334435;1
2;842842;2.069598336411301;2.446694553298379;5.6472748449412205;-1.5428424805841643;1
2;852852;2.0720767801341564;2.4448770279016183;5.632745111077344;-1.504820000634885;1
2;862862;2.0745552238570117;2.4430595025048576;5.618215377213466;-1.4667975206856059;1
2;872872;2.076963423871401;2.4411742081102275;5.612669066061631;-1.4098677878349022;1
2;882882;2.0792734429655764;2.4391941917437916;5.619679049669862;-1.3265110406775968;1
2;892892;2.0815834620597515;2.4372141753773557;5.626689033278091;-1.2431542935202913;1
2;902902;2.0838934811539267;2.43523415901092;5.633699016886322;-1.1597975463629857;1
2;912912;2.086203500248102;2.433254142644484;5.640709000494551;-1.0764407992056804;1
2;922922;2.088513519342277;2.4312741262780486;5.647718984102782;-0.9930840520483749;1
2;932932;2.0908235384364517;2.4292941099116128;5.654728967711012;-0.9097273048910695;1
2;942942;2.093133557530627;2.427314093545177;5.661738951319242;-0.826370557733764;1
2;952952;2.095443576624802;2.425334077178741;5.668748934927472;-0.7430138105764585;1
2;962962;2.0977535957189772;2.423354060812305;5.675758918535703;-0.6596570634191531;1
2;972972;2.1000636148131524;2.4213740444458693;5.682768902143932;-0.5763003162618476;1
2;982982;2.1023736339073276;2.4193940280794335;5.689778885752163;-0.4929435691045377;1
2;992992;2.104805316420717;2.4173367982417626;5.699416134868417;-0.4268285102184592;1
3;3003;2.107526428307331;2.415095882570433;5.715303478007962;-0.4017303080171486;1
3;13013;2.1102475401939453;2.412854966899104;5.731190821147507;-0.376632105815838;1
3;23023;2.1129686520805597;2.4106140512277747;5.747078164287052;-0.3515339036145274;1
3;33033;2.1156897639671737;2.4083731355564453;5.762965507426597;-0.3264357014132168;1
3;43043;2.118410875853788;2.406132219885116;5.778852850566142;-0.3013374992119062;1
3;53053;2.1211319877404025;2.4038913042137864;5.794740193705687;-0.27623929701059563;1
3;63063;2.1238530996270164;2.401650388542457;5.810627536845232;-0.25114109480928504;1
3;73073;2.126574211513631;2.399409472871128;5.826514879984777;-0.22604289260797442;1
3;83083;2.1292953234002447;2.3971685571997985;5.842402223124322;-0.20094469040666382;1
3;93093;2.132016435286859;2.394927641528469;5.858289566263867;-0.17584648820535323;1
3;103103;2.1347375471734735;2.3926867258571396;5.8741769094034115;-0.15074828600404264;1
3;113113;2.1374586590600875;2.39044581018581;5.890064252542957;-0.12565008380273204;1
3;123123;2.1400035121442884;2.3883971902845693;5.910697311943305;-0.1001031462776658;1
3;133133;2.142504591773342;2.3863963265813264;5.932508958710857;-0.07444476640022694;1
3;143143;2.1450056714023957;2.3843954628780835;5.954320605478408;-0.048786386522788106;1
3;153153;2.14750675103145;2.3823945991748405;5.97613225224596;-0.02312800664534926;1
3;163163;2.1500078306605035;2.3803937354715976;5.997943899013511;0.0025303732320895865;1
3;173173;2.152508910289557;2.3783928717683542;6.019755545781063;0.028188753109528432;1
3;183183;2.155009989918611;2.3763920080651113;6.041567192548614;0.05384713298696728;1
3;193193;2.1575110695476645;2.3743911443618684;6.063378839316166;0.07950551286440612;1
3;203203;2.1600121491767186;2.3723902806586254;6.085190486083717;0.10516389274184497;1
3;213213;2.1625132288057722;2.3703894169553825;6.107002132851269;0.1308222726192838;1
3;223223;2.165014308434826;2.3683885532521396;6.12881377961882;0.15648065249672266;1
3;233233;2.1675153880638796;2.3663876895488967;6.150625426386372;0.18213903237416149;1
3;243243;2.1705262903061415;2.3642714855800087;6.174536062747982;0.16968464176275877;1
3;253253;2.1736597167646505;2.36212756221366;6.198951143299121;0.1480707175956025;1
3;263263;2.1767931432231595;2.359983638847312;6.22336622385026;0.12645679342844626;1
3;273273;2.179926569681669;2.3578397154809636;6.247781304401399;0.10484286926129001;1
3;283283;2.183059996140178;2.355695792114615;6.2721963849525375;0.08322894509413375;1
3;293293;2.186193422598687;2.3535518687482666;6.296611465503677;0.0616150209269775;1
3;303303;2.189326849057196;2.3514079453819186;6.321026546054815;0.04000109675982125;1
3;313313;2.1924602755157054;2.34926402201557;6.345441626605955;0.018387172592665;1
3;323323;2.1955937019742144;2.3471200986492216;6.369856707157093;-0.003226751574491252;1
3;333333;2.1987271284327234;2.344976175282873;6.394271787708233;-0.024840675741647503;1
3;343343;2.201860554891233;2.342832251916525;6.418686868259371;-0.046454599908803754;1
3;353353;2.204993981349742;2.3406883285501765;6.443101948810511;-0.06806852407596001;1
3;363363;2.2080965767229226;2.338455153993636;6.478197000211914;-0.0509141014977546;1
3;373373;2.2111845925468847;2.336179773912822;6.518342446661182;-0.015426720041498343;1
3;383383;2.214272608370847;2.3339043938320074;6.558487893110451;0.02006066141475791;1
3;393393;2.217360624194809;2.3316290137511935;6.59863333955972;0.05554804287101416;1
3;403403;2.220448640018771;2.329353633670379;6.638778786008991;0.0910354243272723;1
3;413413;2.223536655842733;2.3270782535895647;6.678924232458259;0.12652280578352856;1
3;423423;2.2266246716666953;2.3248028735087507;6.719069678907528;0.1620101872397848;1
3;433433;2.2297126874906574;2.3225274934279363;6.759215125356796;0.19749756869604104;1
3;443443;2.2328007033146196;2.3202521133471223;6.799360571806066;0.2329849501522973;1
3;453453;2.2358887191385817;2.317976733266308;6.839506018255334;0.26847233160855355;1
3;463463;2.238976734962544;2.315701353185494;6.879651464704603;0.3039597130648098;1
3;473473;2.242064750786506;2.3134259731046796;6.919796911153871;0.3394470945210661;1
3;483483;2.24527751101406;2.311087492132814;6.958106774283604;0.35633993776358874;1
3;493493;2.248699690482896;2.308643078226503;6.99333508461403;0.3420165182113333;1
3;503503;2.252121869951732;2.3061986643201915;7.028563394944455;0.32769309865907775;1
3;513513;2.2555440494205676;2.3037542504138804;7.063791705274881;0.3133696791068223;1
3;523523;2.2589662288894035;2.301309836507569;7.099020015605307;0.29904625955456676;1
3;533533;2.2623884083582393;2.2988654226012577;7.134248325935732;0.2847228400023113;1
3;543543;2.265810587827075;2.2964210086949466;7.169476636266158;0.2703994204500558;1
3;553553;2.269232767295911;2.293976594788635;7.204704946596584;0.2560760008978003;1
3;563563;2.2726549467647468;2.291532180882324;7.239933256927009;0.2417525813455448;1
3;573573;2.2760771262335826;2.2890877669760124;7.275161567257435;0.22742916179328931;1
3;583583;2.2794993057024184;2.2866433530697012;7.310389877587861;0.21310574224103382;1
3;593593;2.2829214851712543;2.28419893916339;7.345618187918286;0.19878232268877832;1
3;603603;2.286347071438409;2.281735564618355;7.382177310169186;0.1857812604520454;1
3;613613;2.2898031754776005;2.279102342493257;7.430657717747485;0.18462574800382567;1
3;623623;2.2932592795167923;2.276469120368158;7.479138125325783;0.18347023555560596;1
3;633633;2.296715383555984;2.2738358982430595;7.527618532904082;0.18231472310738622;1
3;643643;2.300171487595176;2.2712026761179613;7.576098940482381;0.1811592106591665;1
3;653653;2.303627591634368;2.2685694539928627;7.62457934806068;0.18000369821094675;1
3;663663;2.3070836956735596;2.265936231867764;7.673059755638978;0.17884818576272704;1
3;673673;2.3105397997127515;2.263303009742666;7.721540163217277;0.1776926733145073;1
3;683683;2.3139959037519433;2.260669787617567;7.770020570795576;0.17653716086628757;1
3;693693;2.317452007791135;2.258036565492469;7.818500978373875;0.17538164841806783;1
3;703703;2.3209081118303265;2.2554033433673704;7.866981385952174;0.17422613596984812;1
3;713713;2.3243642158695184;2.2527701212422717;7.915461793530473;0.1730706235216284;1
3;723723;2.32782031990871;2.2501368991171735;7.963942201108772;0.17191511107340865;1
3;733733;2.332400325625527;2.2468569102674807;8.005986795392069;0.1541200472904456;1
3;743743;2.3370419664540534;2.2435414525328192;8.047678447706087;0.13541246542362276;1
3;753753;2.3416836072825795;2.2402259947981578;8.089370100020103;0.11670488355679995;1
3;763763;2.3463252481111057;2.236910537063496;8.131061752334121;0.09799730168997714;1
3;773773;2.350966888939632;2.2335950793288344;8.172753404648137;0.07928971982315432;1
3;783783;2.355608529768158;2.230279621594173;8.214445056962155;0.0605821379563315;1
3;793793;2.3602501705966845;2.226964163859511;8.256136709276172;0.04187455608950868;1
3;803803;2.3648918114252107;2.2236487061248496;8.29782836159019;0.023166974222685863;1
3;813813;2.369533452253737;2.220333248390188;8.339520013904206;0.004459392355863044;1
3;823823;2.374175093082263;2.217017790655526;8.381211666218224;-0.014248189510959774;1
3;833833;2.3788167339107895;2.2137023329208647;8.422903318532242;-0.03295577137778359;1
3;843843;2.3834583747393157;2.210386875186203;8.46459497084626;-0.05166335324460641;1
3;853853;2.3874985734722394;2.2073760698958202;8.504917168581198;-0.030923500570037177;1
3;863863;2.391459319767379;2.2044055101744657;8.545058456955884;-0.004972514751393933;1
3;873873;2.3954200660625182;2.201434950453111;8.585199745330572;0.020978471067249312;1
3;883883;2.399380812357658;2.1984643907317563;8.62534103370526;0.046929456885892555;1
3;893893;2.4033415586527975;2.1954938310104017;8.665482322079948;0.07288044270453581;1
3;903903;2.407302304947937;2.1925232712890472;8.705623610454635;0.09883142852317904;1
3;913913;2.411263051243077;2.1895527115676923;8.745764898829323;0.12478241434182229;1
3;923923;2.4152237975382165;2.1865821518463378;8.785906187204011;0.15073340016046555;1
3;933933;2.4191845438333557;2.183611592124983;8.826047475578699;0.1766843859791088;1
3;943943;2.4231452901284953;2.1806410324036283;8.866188763953387;0.20263537179775204;1
3;953953;2.427106036423635;2.1776704726822738;8.906330052328075;0.22858635761639526;1
3;963963;2.4310667827187746;2.174699912960919;8.946471340702763;0.25453734343503853;1
3;973973;2.435743044210231;2.171255100912497;8.98069502000902;0.263436028071774;1
3;983983;2.440639858879911;2.167664103488065;9.01309463255297;0.2670784452790385;1
3;993993;2.4455366735495914;2.164073106063633;9.045494245096922;0.27072086248630306;1
4;4004;2.450433488219271;2.1604821086392008;9.077893857640873;0.27436327969356755;1
4;14014;2.4553303028889513;2.156891111214769;9.110293470184825;0.2780056969008321;1
4;24024;2.4602271175586314;2.153300113790337;9.142693082728776;0.2816481141080966;1
4;34034;2.465123932228311;2.149709116365905;9.175092695272728;0.28529053131536114;1
4;44044;2.4700207468979913;2.146118118941473;9.207492307816679;0.28893294852262563;1
4;54054;2.4749175615676715;2.1425271215170407;9.23989192036063;0.2925753657298902;1
4;64064;2.4798143762373512;2.138936124092609;9.272291532904584;0.2962177829371547;1
4;74074;2.4847111909070314;2.135345126668177;9.304691145448535;0.2998602001444192;1
4;84084;2.4896080055767116;2.131754129243745;9.337090757992486;0.30350261735168377;1
4;94094;2.494258968079695;2.12841035579577;9.36569539900603;0.3150979794760333;1
4;104104;2.4986751524533743;2.1253026704957736;9.390676007217081;0.3342880581944356;1
4;114114;2.5030913368270533;2.122194985195777;9.415656615428132;0.3534781369128379;1
4;124124;2.5075075212007327;2.1190872998957806;9.440637223639184;0.37266821563124025;1
4;134134;2.511923705574412;2.115979614595784;9.465617831850235;0.3918582943496426;1
4;144144;2.516339889948091;2.1128719292957876;9.490598440061286;0.41104837306804487;1
4;154154;2.5207560743217705;2.109764243995791;9.515579048272336;0.4302384517864472;1
4;164164;2.52517225869545;2.1066565586957946;9.540559656483389;0.44942853050484954;1
4;174174;2.529588443069129;2.103548873395798;9.56554026469444;0.4686186092232519;1
4;184184;2.5340046274428083;2.1004411880958016;9.59052087290549;0.48780868794165416;1
4;194194;2.5384208118164873;2.097333502795805;9.61550148111654;0.5069987666600565;1
4;204204;2.5428369961901667;2.0942258174958086;9.640482089327593;0.5261888453784589;1
4;214214;2.5473471085323895;2.0911340016577493;9.658115298343741;0.542362205589414;1
4;224224;2.5520942932733752;2.0880822400385446;9.657203812113012;0.550921425901036;1
4;234234;2.5568414780143605;2.08503047841934;9.656292325882283;0.559480646212658;1
4;244244;2.5615886627553457;2.0819787168001347;9.655380839651556;0.5680398665242801;1
4;254254;2.566335847496331;2.07892695518093;9.654469353420827;0.5765990868359021;1
4;264264;2.5710830322373166;2.075875193561725;9.653557867190099;0.5851583071475246;1
4;274274;2.5758302169783023;2.07282343194252;9.65264638095937;0.5937175274591467;1
4;284284;2.5805774017192875;2.0697716703233153;9.65173489472864;0.6022767477707688;1
4;294294;2.5853245864602727;2.06671990870411;9.650823408497912;0.6108359680823908;1
4;304304;2.5900717712012584;2.0636681470849054;9.649911922267185;0.6193951883940129;1
4;314314;2.5948189559422437;2.0606163854657007;9.649000436036456;0.6279544087056349;1
4;324324;2.599566140683229;2.0575646238464955;9.648088949805727;0.6365136290172569;1
4;334334;2.6042444921166745;2.0546372726434474;9.647112426191057;0.6564124771024187;1
4;344344;2.6088504237404795;2.051840814157566;9.64606747647378;0.6882417948121529;1
4;354354;2.613456355364284;2.049044355671685;9.645022526756502;0.7200711125218872;1
4;364364;2.6180622869880885;2.046247897185803;9.643977577039223;0.7519004302316213;1
4;374374;2.622668218611893;2.043451438699922;9.642932627321946;0.7837297479413556;1
4;384384;2.627274150235698;2.0406549802140406;9.641887677604668;0.8155590656510898;1
4;394394;2.6318800818595025;2.0378585217281593;9.64084272788739;0.8473883833608241;1
4;404404;2.636486013483307;2.0350620632422776;9.639797778170113;0.8792177010705583;1
4;414414;2.6410919451071115;2.0322656047563963;9.638752828452835;0.9110470187802926;1
4;424424;2.645697876730916;2.029469146270515;9.637707878735558;0.9428763364900269;1
4;434434;2.650303808354721;2.0266726877846337;9.63666292901828;0.9747056541997611;1
4;444444;2.6549097399785255;2.023876229298752;9.635617979301003;1.0065349719094954;1
4;454454;2.659476511301395;2.0211562792563456;9.630554127677595;1.0343470040446605;1
4;464464;2.6639634397927288;2.0185923201184406;9.617296250467346;1.0539683060857536;1
4;474474;2.668450368284063;2.0160283609805356;9.604038373257097;1.0735896081268468;1
4;484484;2.6729372967753964;2.0134644018426306;9.590780496046849;1.0932109101679397;1
4;494494;2.67742422526673;2.0109004427047257;9.5775226188366;1.1128322122090328;1
4;504504;2.681911153758064;2.0083364835668203;9.564264741626351;1.132453514250126;1
4;514514;2.6863980822493976;2.0057725244289153;9.551006864416102;1.152074816291219;1
4;524524;2.6908850107407316;2.0032085652910103;9.537748987205854;1.171696118332312;1
4;534534;2.695371939232065;2.0006446061531054;9.524491109995605;1.1913174203734052;1
4;544544;2.699858867723399;1.9980806470152006;9.511233232785356;1.2109387224144983;1
4;554554;2.704345796214733;1.9955166878772956;9.497975355575107;1.2305600244555914;1
4;564564;2.7088327247060664;1.9929527287393904;9.484717478364859;1.2501813264966843;1
4;574574;2.7133196531974004;1.9903887696014855;9.47145960115461;1.2698026285377775;1
4;584584;2.7173740659019434;1.9883129670490283;9.456660090232639;1.2867402319868277;1
4;594594;2.7213511754624378;1.986324412268781;9.441585044552108;1.3031981804841288;1
4;604604;2.7253282850229326;1.9843358574885337;9.426509998871575;1.3196561289814301;1
4;614614;2.729305394583427;1.9823473027082865;9.411434953191042;1.3361140774787315;1
4;624624;2.7332825041439213;1.9803587479280393;9.396359907510512;1.3525720259760328;1
4;634634;2.737259613704416;1.978370193147792;9.381284861829979;1.3690299744733339;1
4;644644;2.7412367232649104;1.9763816383675448;9.366209816149448;1.3854879229706352;1
4;654654;2.7452138328254048;1.9743930835872976;9.351134770468915;1.4019458714679365;1
4;664664;2.7491909423858996;1.9724045288070502;9.336059724788383;1.4184038199652378;1
4;674674;2.753168051946394;1.970415974026803;9.320984679107852;1.434861768462539;1
4;684684;2.7571451615068883;1.9684274192465558;9.30590963342732;1.4513197169598402;1
4;694694;2.761122271067383;1.9664388644663084;9.290834587746787;1.4677776654571424;1
4;704704;2.765524541980066;1.9645415688358348;9.278062319851117;1.4670756497422097;1
4;714714;2.770047216439344;1.9626701173354437;9.265942186988163;1.4615140188718247;1
4;724724;2.7745698908986225;1.9607986658350527;9.253822054125209;1.45595238800144;1
4;734734;2.779092565357901;1.9589272143346617;9.241701921262255;1.450390757131055;1
4;744744;2.783615239817179;1.9570557628342706;9.229581788399301;1.44482912626067;1
4;754754;2.7881379142764575;1.9551843113338796;9.217461655536347;1.4392674953902853;1
4;764764;2.792660588735736;1.9533128598334886;9.205341522673391;1.4337058645199003;1
4;774774;2.797183263195014;1.9514414083330975;9.193221389810438;1.4281442336495156;1
4;784784;2.8017059376542925;1.9495699568327065;9.181101256947484;1.4225826027791306;1
4;794794;2.806228612113571;1.9476985053323155;9.16898112408453;1.4170209719087459;1
4;804804;2.8107512865728492;1.9458270538319244;9.156860991221576;1.411459341038361;1
4;814814;2.8152739610321276;1.9439556023315334;9.144740858358622;1.4058977101679762;1
4;824824;2.819796635491406;1.9420841508311424;9.132620725495668;1.4003360792975912;1
4;834834;2.824392541131427;1.9405358196228577;9.119966715222768;1.4110099492611188;1
4;844844;2.8289918946886514;1.9390027017704494;9.107287568592819;1.4224482294398346;1
4;854854;2.8335912482458756;1.9374695839180414;9.09460842196287;1.4338865096185505;1
4;864864;2.8381906018031002;1.9359364660656333;9.081929275332921;1.4453247897972663;1
4;874874;2.8427899553603244;1.9344033482132252;9.069250128702972;1.4567630699759821;1
4;884884;2.847389308917549;1.932870230360817;9.056570982073023;1.468201350154698;1
4;894894;2.8519886624747732;1.931337112508409;9.043891835443073;1.4796396303334138;1
4;904904;2.856588016031998;1.9298039946560008;9.031212688813126;1.4910779105121297;1
4;914914;2.861187369589222;1.9282708768035925;9.018533542183176;1.5025161906908455;1
4;924924;2.8657867231464467;1.9267377589511845;9.005854395553227;1.5139544708695614;1
4;934934;2.870386076703671;1.9252046410987764;8.99317524892328;1.5253927510482772;1
4;944944;2.874961670945856;1.9237506779029263;8.980931881054621;1.5324482770905683;1
4;954954;2.8794501313283134;1.9225870029889558;8.970286668915465;1.523430684715215;1
4;964964;2.8839385917107703;1.9214233280749855;8.959641456776307;1.514413092339862;1
4;974974;2.8884270520932276;1.920259653161015;8.94899624463715;1.505395499964509;1
4;984984;2.892915512475685;1.9190959782470447;8.938351032497994;1.496377907589156;1
4;994994;2.8974039728581418;1.9179323033330744;8.927705820358838;1.4873603152138026;1
5;5005;2.901892433240599;1.916768628419104;8.91706060821968;1.4783427228384491;1
5;15015;2.9063808936230564;1.9156049535051336;8.906415396080524;1.469325130463096;1
5;25025;2.9108693540055133;1.914441278591163;8.895770183941368;1.460307538087743;1
5;35035;2.9153578143879706;1.9132776036771928;8.88512497180221;1.4512899457123898;1
5;45045;2.919846274770428;1.9121139287632223;8.874479759663053;1.4422723533370367;1
5;55055;2.924334735152885;1.910950253849252;8.863834547523897;1.4332547609616837;1
5;65065;2.928919389933449;1.909785475682195;8.854849203927133;1.4245220731686905;1
5;75075;2.9339323487204543;1.9086157852985606;8.853254398250062;1.4170579184345802;1
5;85085;2.938945307507459;1.9074460949149261;8.851659592572991;1.4095937637004696;1
5;95095;2.943958266294464;1.9062764045312917;8.85006478689592;1.4021296089663593;1
5;105105;2.9489712250814692;1.9051067141476572;8.848469981218848;1.394665454232249;1
5;115115;2.9539841838684744;1.9039370237640225;8.846875175541777;1.3872012994981384;1
5;125125;2.958997142655479;1.902767333380388;8.845280369864707;1.379737144764028;1
5;135135;2.9640101014424842;1.9015976429967536;8.843685564187636;1.3722729900299175;1
5;145145;2.9690230602294894;1.9004279526131191;8.842090758510563;1.3648088352958072;1
5;155155;2.974036019016494;1.8992582622294847;8.840495952833493;1.3573446805616969;1
5;165165;2.979048977803499;1.89808857184585;8.838901147156422;1.3498805258275863;1
5;175175;2.9840619365905043;1.8969188814622155;8.837306341479351;1.342416371093476;1
5;185185;2.9890229526126197;1.895823628859893;8.833864491037598;1.3352980197579154;1
5;195195;2.9937936674146535;1.8950010918250597;8.823655675590986;1.3294465784297862;1
5;205205;2.998564382216687;1.8941785547902263;8.813446860144374;1.323595137101657;1
5;215215;3.003335097018721;1.893356017755393;8.803238044697762;1.3177436957735278;1
5;225225;3.008105811820754;1.8925334807205596;8.79302922925115;1.3118922544453984;1
5;235235;3.012876526622788;1.891710943685726;8.78282041380454;1.3060408131172692;1
5;245245;3.0176472414248217;1.8908884066508926;8.772611598357928;1.30018937178914;1
5;255255;3.0224179562268554;1.8900658696160593;8.762402782911316;1.2943379304610108;1
5;265265;3.027188671028889;1.889243332581226;8.752193967464704;1.2884864891328816;1
5;275275;3.031959385830923;1.8884207955463925;8.741985152018092;1.2826350478047523;1
5;285285;3.0367301006329566;1.8875982585115592;8.73177633657148;1.2767836064766231;1
5;295295;3.0415008154349903;1.8867757214767258;8.721567521124868;1.270932165148494;1
5;305305;3.0462667077169354;1.8859540159108732;8.7109974462331;1.2648322641376966;1
5;315315;3.0509526921102292;1.8851460875672017;8.694441397412863;1.2546154515757555;1
5;325325;3.055638676503523;1.8843381592235304;8.677885348592625;1.2443986390138146;1
5;335335;3.0603246608968164;1.8835302308798592;8.661329299772389;1.2341818264518736;1
5;345345;3.0650106452901102;1.8827223025361879;8.64477325095215;1.2239650138899325;1
5;355355;3.069696629683404;1.8819143741925164;8.628217202131914;1.2137482013279917;1
5;365365;3.0743826140766974;1.8811064458488451;8.611661153311676;1.2035313887660506;1
5;375375;3.0790685984699913;1.8802985175051738;8.59510510449144;1.1933145762041097;1
5;385385;3.083754582863285;1.8794905891615026;8.578549055671202;1.1830977636421687;1
5;395395;3.0884405672565785;1.878682660817831;8.561993006850965;1.1728809510802276;1
5;405405;3.0931265516498723;1.8778747324741598;8.545436958030727;1.1626641385182868;1
5;415415;3.097812536043166;1.8770668041304885;8.528880909210491;1.1524473259563457;1
5;425425;3.1024985204364595;1.876258875786817;8.512324860390253;1.1422305133944046;1
5;435435;3.1072261503247116;1.8755550137483155;8.498917323444083;1.1158745940373804;1
5;445445;3.1119734158746875;1.874900218500043;8.486994295546324;1.0819091591286139;1
5;455455;3.116720681424663;1.8742454232517705;8.475071267648564;1.0479437242198475;1
5;465465;3.1214679469746387;1.873590628003498;8.463148239750806;1.013978289311081;1
5;475475;3.126215212524614;1.8729358327552255;8.451225211853046;0.9800128544023142;1
5;485485;3.13096247807459;1.872281037506953;8.439302183955288;0.9460474194935476;1
5;495495;3.135709743624566;1.8716262422586807;8.427379156057528;0.9120819845847811;1
5;505505;3.140457009174541;1.8709714470104082;8.41545612815977;0.8781165496760145;1
5;515515;3.145204274724517;1.8703166517621357;8.403533100262012;0.8441511147672479;1
5;525525;3.1499515402744924;1.8696618565138632;8.391610072364251;0.8101856798584813;1
5;535535;3.1546988058244683;1.8690070612655907;8.379687044466493;0.7762202449497148;1
5;545545;3.1594460713744437;1.8683522660173182;8.367764016568733;0.7422548100409482;1
5;555555;3.1638477612433955;1.8678460198963838;8.354560589516593;0.7261699452084809;1
5;565565;3.167847061669012;1.8675127448609157;8.339866261538058;0.7309052741413695;1
5;575575;3.1718463620946284;1.8671794698254478;8.325171933559522;0.7356406030742582;1
5;585585;3.175845662520245;1.8668461947899797;8.310477605580989;0.7403759320071468;1
5;595595;3.179844962945862;1.8665129197545116;8.295783277602453;0.7451112609400354;1
5;605605;3.1838442633714785;1.8661796447190435;8.281088949623918;0.7498465898729241;1
5;615615;3.1878435637970948;1.8658463696835754;8.266394621645382;0.7545819188058127;1
5;625625;3.1918428642227115;1.8655130946481076;8.251700293666847;0.7593172477387014;1
5;635635;3.195842164648328;1.8651798196126395;8.237005965688313;0.76405257667159;1
5;645645;3.199841465073945;1.8648465445771714;8.222311637709778;0.7687879056044786;1
5;655655;3.2038407654995615;1.8645132695417033;8.207617309731242;0.7735232345373673;1
5;665665;3.207840065925178;1.8641799945062352;8.192922981752707;0.7782585634702559;1
5;675675;3.211722710433094;1.8639250995463874;8.18072290606753;0.7722708700950138;1
5;685685;3.215468368042472;1.8637622448677187;8.171451784974407;0.7536913288486817;1
5;695695;3.2192140256518504;1.86359939018905;8.162180663881282;0.7351117876023496;1
5;705705;3.2229596832612284;1.8634365355103815;8.152909542788159;0.7165322463560175;1
5;715715;3.2267053408706063;1.8632736808317127;8.143638421695034;0.6979527051096854;1
5;725725;3.2304509984799843;1.8631108261530442;8.13436730060191;0.6793731638633533;1
5;735735;3.2341966560893627;1.8629479714743755;8.125096179508787;0.6607936226170212;1
5;745745;3.2379423136987406;1.8627851167957068;8.115825058415663;0.6422140813706891;1
5;755755;3.241687971308119;1.8626222621170383;8.106553937322538;0.623634540124355;1
5;765765;3.245433628917497;1.8624594074383696;8.097282816229413;0.6050549988780229;1
5;775775;3.2491792865268754;1.862296552759701;8.08801169513629;0.5864754576316908;1
5;785785;3.2529249441362533;1.8621336980810324;8.078740574043165;0.5678959163853587;1
5;795795;3.256768364060105;1.8619408950722995;8.070798390256998;0.552851518238287;1
5;805805;3.261060074762102;1.8616107634798382;8.068950071398763;0.5540175797080995;1
5;815815;3.265351785464099;1.861280631887377;8.067101752540527;0.5551836411779119;1
5;825825;3.269643496166096;1.8609505002949156;8.065253433682292;0.5563497026477243;1
5;835835;3.273935206868093;1.8606203687024543;8.063405114824056;0.5575157641175368;1
5;845845;3.27822691757009;1.860290237109993;8.06155679596582;0.5586818255873492;1
5;855855;3.2825186282720877;1.8599601055175317;8.059708477107584;0.5598478870571617;1
5;865865;3.286810338974085;1.8596299739250703;8.05786015824935;0.5610139485269741;1
5;875875;3.291102049676082;1.859299842332609;8.056011839391113;0.5621800099967865;1
5;885885;3.295393760378079;1.858969710740148;8.054163520532878;0.563346071466599;1
5;895895;3.299685471080076;1.8586395791476866;8.052315201674642;0.5645121329364114;1
5;905905;3.303977181782073;1.8583094475552253;8.050466882816405;0.5656781944062239;1
5;915915;3.308272419345319;1.8579895223328724;8.048999047283948;0.5660709174097617;1
5;925925;3.3126204212010766;1.8578222914922664;8.05322350642401;0.5548939601319325;1
5;935935;3.3169684230568337;1.8576550606516602;8.057447965564071;0.5437170028541033;1
5;945945;3.3213164249125913;1.8574878298110542;8.061672424704135;0.5325400455762741;1
5;955955;3.3256644267683484;1.8573205989704482;8.065896883844196;0.521363088298445;1
5;965965;3.330012428624106;1.857153368129842;8.070121342984258;0.5101861310206158;1
5;975975;3.334360430479863;1.856986137289236;8.074345802124322;0.49900917374278664;1
5;985985;3.3387084323356206;1.85681890644863;8.078570261264383;0.48783221646495745;1
5;995995;3.3430564341913778;1.8566516756080238;8.082794720404445;0.4766552591871283;1
6;6006;3.3474044360471353;1.8564844447674178;8.087019179544509;0.4654783019092991;1
6;16016;3.3517524379028925;1.8563172139268118;8.09124363868457;0.4543013446314699;1
6;26026;3.35610043975865;1.8561499830862056;8.095468097824632;0.4431243873536408;1
6;36036;3.360478611269675;1.8559829067403686;8.100752348907552;0.4323067226850416;1
6;46046;3.3651191321800353;1.855817173850713;8.115252342668422;0.4246133960103994;1
6;56056;3.3697596530903957;1.8556514409610572;8.129752336429291;0.4169200693357571;1
6;66066;3.374400174000756;1.8554857080714016;8.144252330190161;0.40922674266111486;1
6;76076;3.3790406949111165;1.8553199751817457;8.158752323951033;0.40153341598647263;1
6;86086;3.383681215821477;1.8551542422920901;8.173252317711903;0.3938400893118304;1
6;96096;3.3883217367318372;1.8549885094024343;8.187752311472773;0.3861467626371881;1
6;106106;3.3929622576421976;1.8548227765127787;8.202252305233642;0.3784534359625459;1
6;116116;3.397602778552558;1.854657043623123;8.216752298994512;0.37076010928790365;1
6;126126;3.4022432994629184;1.8544913107334673;8.231252292755384;0.36306678261326136;1
6;136136;3.4068838203732787;1.8543255778438115;8.245752286516254;0.35537345593861913;1
6;146146;3.411524341283639;1.8541598449541559;8.260252280277124;0.3476801292639769;1
6;156156;3.4161782783338306;1.8539942490860055;8.27471907629042;0.33979304616169864;1
6;166166;3.4211964351103283;1.8538323730609572;8.288284623905367;0.32664588721568055;1
6;176176;3.4262145918868256;1.8536704970359088;8.301850171520316;0.31349872826966246;1
6;186186;3.4312327486633234;1.8535086210108607;8.315415719135263;0.3003515693236443;1
6;196196;3.4362509054398207;1.8533467449858123;8.32898126675021;0.28720441037762623;1
6;206206;3.4412690622163185;1.853184868960764;8.342546814365157;0.27405725143160814;1
6;216216;3.446287218992816;1.8530229929357156;8.356112361980104;0.26091009248559;1
6;226226;3.4513053757693135;1.8528611169106672;8.369677909595051;0.2477629335395719;1
6;236236;3.4563235325458113;1.8526992408856189;8.383243457209998;0.23461577459355382;1
6;246246;3.4613416893223086;1.8525373648605705;8.396809004824945;0.2214686156475357;1
6;256256;3.4663598460988063;1.8523754888355224;8.410374552439892;0.20832145670151758;1
6;266266;3.4713780028753036;1.852213612810474;8.423940100054839;0.1951742977554995;1
6;276276;3.4763961596518014;1.8520517367854257;8.437505647669788;0.18202713880948138;1
6;286286;3.4815819620549346;1.8518880636857833;8.44694479289811;0.1854574760937894;1
6;296296;3.4868465142827674;1.8517235464286634;8.454445602655907;0.19667492329736258;1
6;306306;3.4921110665106005;1.8515590291715436;8.461946412413704;0.20789237050093573;1
6;316316;3.4973756187384333;1.851394511914424;8.469447222171501;0.21910981770450888;1
6;326326;3.5026401709662665;1.851229994657304;8.476948031929298;0.23032726490808203;1
6;336336;3.507904723194099;1.8510654774001845;8.484448841687096;0.24154471211165518;1
6;346346;3.5131692754219324;1.8509009601430646;8.491949651444893;0.25276215931522833;1
6;356356;3.518433827649765;1.8507364428859447;8.499450461202688;0.2639796065188015;1
6;366366;3.5236983798775983;1.850571925628825;8.506951270960485;0.27519705372237463;1
6;376376;3.528962932105431;1.8504074083717053;8.514452080718282;0.2864145009259478;1
6;386386;3.534227484333264;1.8502428911145856;8.52195289047608;0.29763194812952093;1
6;396396;3.539492036561097;1.8500783738574658;8.529453700233876;0.30884939533309413;1
6;406406;3.544704451424795;1.85;8.536158811799284;0.30735076818199913;1
6;416416;3.549869431356023;1.85;8.542139991676757;0.29428296912686697;1
6;426426;3.5550344112872514;1.85;8.548121171554229;0.28121517007173474;1
6;436436;3.5601993912184793;1.85;8.554102351431702;0.2681473710166025;1
6;446446;3.565364371149707;1.85;8.560083531309175;0.25507957196147035;1
6;456456;3.570529351080935;1.85;8.566064711186646;0.24201177290633813;1
6;466466;3.575694331012163;1.85;8.57204589106412;0.22894397385120593;1
6;476476;3.5808593109433913;1.85;8.578027070941593;0.21587617479607374;1
6;486486;3.586024290874619;1.85;8.584008250819064;0.20280837574094154;1
6;496496;3.591189270805847;1.85;8.589989430696537;0.18974057668580935;1
6;506506;3.596354250737075;1.85;8.59597061057401;0.17667277763067712;1
6;516516;3.601519230668303;1.85;8.601951790451482;0.16360497857554493;1
6;526526;3.6062687454008375;1.85;8.601228270626166;0.15683857289069822;1
6;536536;3.610634283807712;1.85;8.594308212644039;0.15589596636031788;1
6;546546;3.6149998222145867;1.85;8.587388154661912;0.15495335982993758;1
6;556556;3.6193653606214613;1.85;8.580468096679786;0.15401075329955727;1
6;566566;3.6237308990283355;1.85;8.573548038697659;0.15306814676917696;1
6;576576;3.62809643743521;1.85;8.566627980715532;0.15212554023879662;1
6;586586;3.6324619758420846;1.85;8.559707922733406;0.15118293370841632;1
6;596596;3.6368275142489592;1.85;8.55278786475128;0.150240327178036;1
6;606606;3.6411930526558343;1.85;8.545867806769152;0.1492977206476556;1
6;616616;3.6455585910627084;1.85;8.538947748787026;0.14835511411727528;1
6;626626;3.649924129469583;1.85;8.532027690804899;0.14741250758689498;1
6;636636;3.6542896678764576;1.85;8.525107632822772;0.14646990105651464;1
6;646646;3.658652612675241;1.85;8.516685100074321;0.14543136901083262;1
6;656656;3.663013886819935;1.85;8.507294758958666;0.14433104723102794;1
6;666666;3.6673751609646295;1.85;8.497904417843012;0.14323072545122326;1
6;676676;3.671736435109324;1.85;8.488514076727357;0.14213040367141858;1
6;686686;3.676097709254018;1.85;8.479123735611703;0.14103008189161387;1
6;696696;3.6804589833987125;1.85;8.469733394496048;0.1399297601118092;1
6;706706;3.684820257543407;1.85;8.460343053380393;0.1388294383320045;1
6;716716;3.689181531688101;1.85;8.450952712264739;0.13772911655219983;1
6;726726;3.6935428058327955;1.85;8.441562371149082;0.13662879477239515;1
6;736736;3.6979040799774894;1.85;8.432172030033428;0.13552847299259047;1
6;746746;3.7022653541221837;1.85;8.422781688917773;0.13442815121278576;1
6;756756;3.706626628266878;1.85;8.413391347802119;0.13332782943298108;1
6;766766;3.7109879024115724;1.85;8.404001006686464;0.1322275076531764;1
6;776776;3.7154961292414144;1.85;8.393717554799375;0.1316950664437523;1
6;786786;3.7200487641386575;1.85;8.383164211121636;0.13133423474673853;1
6;796796;3.724601399035901;1.85;8.372610867443898;0.1309734030497247;1
6;806806;3.729154033933144;1.85;8.36205752376616;0.1306125713527109;1
6;816816;3.7337066688303877;1.85;8.35150418008842;0.13025173965569709;1
6;826826;3.7382593037276313;1.85;8.340950836410682;0.1298909079586833;1
6;836836;3.7428119386248744;1.85;8.330397492732944;0.12953007626166949;1
6;846846;3.747364573522118;1.85;8.319844149055205;0.12916924456465567;1
6;856856;3.751917208419361;1.85;8.309290805377467;0.12880841286764186;1
6;866866;3.7564698433166046;1.85;8.298737461699728;0.12844758117062804;1
6;876876;3.7610224782138477;1.85;8.28818411802199;0.12808674947361426;1
6;886886;3.7652915911048646;1.85;8.27834142679749;0.12426095552671006;1
6;896896;3.7690247469624154;1.85;8.269842120468338;0.1138851554154276;1
6;906906;3.7727579028199663;1.85;8.261342814139185;0.10350935530414514;1
6;916916;3.776491058677517;1.85;8.252843507810033;0.09313355519286268;1
6;926926;3.780224214535068;1.85;8.24434420148088;0.08275775508158022;1
6;936936;3.783957370392619;1.85;8.235844895151727;0.07238195497029776;1
6;946946;3.78769052625017;1.85;8.227345588822574;0.062006154859015304;1
6;956956;3.791423682107721;1.85;8.218846282493422;0.051630354747732844;1
6;966966;3.795156837965272;1.85;8.210346976164269;0.041254554636450384;1
6;976976;3.7988899938228227;1.85;8.201847669835116;0.03087875452516792;1
6;986986;3.8026231496803735;1.85;8.193348363505963;0.02050295441388546;1
6;996996;3.8063563055379244;1.85;8.18484905717681;0.010127154302603001;1
7;7007;3.8101056912031988;1.85;8.176430213439168;0.0;1
7;17017;3.8145161045688476;1.85;8.17128854973584;0.0;1
7;27027;3.8189265179344964;1.85;8.16614688603251;0.0;1
7;37037;3.823336931300145;1.85;8.161005222329182;0.0;1
7;47047;3.8277473446657937;1.85;8.155863558625853;0.0;1
7;57057;3.8321577580314425;1.85;8.150721894922523;0.0;1
7;67067;3.836568171397091;1.85;8.145580231219194;0.0;1
7;77077;3.84097858476274;1.85;8.140438567515865;0.0;1
7;87087;3.845388998128388;1.85;8.135296903812536;0.0;1
7;97097;3.849799411494037;1.85;8.130155240109207;0.0;1
7;107107;3.854209824859686;1.85;8.125013576405879;0.0;1
7;117117;3.8586202382253343;1.85;8.11987191270255;0.0;1
7;127127;3.863122510700978;1.85;8.116366396345416;0.0;1
7;137137;3.8679260119442604;1.85;8.118226212275909;0.0;1
7;147147;3.8727295131875428;1.85;8.120086028206403;0.0;1
7;157157;3.877533014430825;1.85;8.121945844136896;0.0;1
7;167167;3.882336515674107;1.85;8.123805660067388;0.0;1
7;177177;3.8871400169173893;1.85;8.125665475997883;0.0;1
7;187187;3.8919435181606716;1.85;8.127525291928375;0.0;1
7;197197;3.896747019403954;1.85;8.129385107858868;0.0;1
7;207207;3.901550520647236;1.85;8.131244923789362;0.0;1
7;217217;3.906354021890518;1.85;8.133104739719855;0.0;1
7;227227;3.9111575231338005;1.85;8.134964555650347;0.0;1
7;237237;3.915961024377083;1.85;8.136824371580841;0.0;1
7;247247;3.920764525620365;1.85;8.138684187511334;0.0;1
7;257257;3.9255823883796372;1.85;8.141726980545618;0.0;1
7;267267;3.9304052239952636;1.85;8.145179394347707;0.0;1
7;277277;3.9352280596108895;1.85;8.148631808149794;0.0;1
7;287287;3.940050895226516;1.85;8.152084221951883;0.0;1
7;297297;3.9448737308421418;1.85;8.15553663575397;0.0;1
7;307307;3.9496965664577677;1.85;8.158989049556057;0.0;1
7;317317;3.954519402073394;1.85;8.162441463358146;0.0;1
7;327327;3.95934223768902;1.85;8.165893877160233;0.0;1
7;337337;3.964165073304646;1.85;8.169346290962322;0.0;1
7;347347;3.968987908920272;1.85;8.172798704764409;0.0;1
7;357357;3.973810744535898;1.85;8.176251118566496;0.0;1
7;367367;3.9786335801515245;1.85;8.179703532368585;0.0;1
7;377377;3.9830831797535327;1.85;8.174616726695643;0.0;1
7;387387;3.9873852285018447;1.85;8.166154123732321;0.0;1
7;397397;3.991687277250157;1.85;8.157691520769001;0.0;1
7;407407;3.9959893259984685;1.85;8.14922891780568;0.0;1
7;417417;4.00029137474678;1.85;8.14076631484236;0.0;1
7;427427;4.004593423495092;1.85;8.132303711879038;0.0;1
7;437437;4.008895472243404;1.85;8.123841108915716;0.0;1
7;447447;4.013197520991716;1.85;8.115378505952396;0.0;1
7;457457;4.017499569740028;1.85;8.106915902989074;0.0;1
7;467467;4.0218016184883405;1.85;8.098453300025753;0.0;1
7;477477;4.026103667236653;1.85;8.089990697062433;0.0;1
7;487487;4.030405715984965;1.85;8.081528094099111;0.0;1
7;497497;4.035004278107034;1.85;8.090879468872538;0.0;1
7;507507;4.03977742206268;1.85;8.11071939887415;0.0;1
7;517517;4.044550566018325;1.85;8.13055932887576;0.0;1
7;527527;4.0493237099739705;1.85;8.15039925887737;0.0;1
7;537537;4.054096853929615;1.85;8.17023918887898;0.0;1
7;547547;4.058869997885261;1.85;8.190079118880591;0.0;1
7;557557;4.063643141840906;1.85;8.2099190488822;0.0;1
7;567567;4.068416285796552;1.85;8.229758978883812;0.0;1
7;577577;4.073189429752197;1.85;8.249598908885421;0.0;1
7;587587;4.077962573707842;1.85;8.269438838887032;0.0;1
7;597597;4.082735717663487;1.85;8.289278768888643;0.0;1
7;607607;4.087508861619133;1.85;8.309118698890252;0.0;1
7;617617;4.09228659424145;1.85;8.34145824451305;-0.005376178521355141;1
7;627627;4.09706933605559;1.85;8.3874429242951;-0.016621231687436105;1
7;637637;4.101852077869729;1.85;8.433427604077151;-0.027866284853517068;1
7;647647;4.106634819683869;1.85;8.479412283859201;-0.03911133801959803;1
7;657657;4.111417561498008;1.85;8.525396963641251;-0.05035639118567899;1
7;667667;4.116200303312149;1.85;8.571381643423303;-0.06160144435175996;1
7;677677;4.120983045126288;1.85;8.617366323205353;-0.07284649751784092;1
7;687687;4.125765786940428;1.85;8.663351002987405;-0.08409155068392188;1
7;697697;4.130548528754567;1.85;8.709335682769455;-0.09533660385000285;1
7;707707;4.135331270568707;1.85;8.755320362551506;-0.10658165701608381;1
7;717717;4.140114012382846;1.85;8.801305042333556;-0.11782671018216477;1
7;727727;4.144896754196986;1.85;8.847289722115606;-0.12907176334824574;1
7;737737;4.1489785195024345;1.85;8.885430810575604;-0.1363680309283061;1
7;747747;4.151765073390771;1.85;8.909079103762815;-0.13636803092830732;1
7;757757;4.1545516272791065;1.85;8.932727396950025;-0.13636803092830854;1
7;767767;4.157338181167442;1.85;8.956375690137236;-0.13636803092830976;1
7;777777;4.160124735055778;1.85;8.980023983324445;-0.136368030928311;1
7;787787;4.162911288944113;1.85;9.003672276511656;-0.13636803092831223;1
7;797797;4.165697842832449;1.85;9.027320569698865;-0.13636803092831346;1
7;807807;4.168484396720785;1.85;9.050968862886076;-0.1363680309283147;1
7;817817;4.171270950609121;1.85;9.074617156073288;-0.13636803092831593;1
7;827827;4.174057504497457;1.85;9.098265449260497;-0.13636803092831715;1
7;837837;4.176844058385792;1.85;9.121913742447708;-0.13636803092831837;1
7;847847;4.179630612274128;1.85;9.145562035634917;-0.13636803092831962;1
7;857857;4.182417166162463;1.85;9.169210328822128;-0.13636803092832084;1
7;867867;4.185203720050799;1.85;9.192858622009338;-0.13636803092832206;1
7;877877;4.1879902739391355;1.85;9.216506915196549;-0.13636803092832328;1
7;887887;4.190776827827471;1.85;9.240155208383758;-0.13636803092832453;1
7;897897;4.193563381715807;1.85;9.263803501570969;-0.13636803092832575;1
7;907907;4.199615087834119;1.85;9.289217104624946;-0.1386313874414933;1
7;917917;4.20627345958266;1.85;9.314958702439178;-0.14131527583457906;1
7;927927;4.2129318313312005;1.85;9.34070030025341;-0.14399916422766482;1
7;937937;4.219590203079742;1.85;9.366441898067642;-0.14668305262075057;1
7;947947;4.226248574828283;1.85;9.392183495881874;-0.14936694101383632;1
7;957957;4.232906946576824;1.85;9.417925093696105;-0.15205082940692208;1
7;967967;4.239565318325364;1.85;9.443666691510337;-0.1547347178000078;1
7;977977;4.246274205077761;1.8499908598307415;9.470399611615818;-0.15727712797555685;1
7;987987;4.254436209368752;1.8497187930210417;9.525648966401738;-0.15574976751778064;1
7;997997;4.262598213659743;1.849446726211342;9.580898321187657;-0.1542224070600044;1
8;8008;4.270760217950735;1.8491746594016423;9.636147675973575;-0.15269504660222818;1
8;18018;4.278922222241726;1.8489025925919427;9.691397030759495;-0.15116768614445197;1
8;28028;4.287084226532717;1.8486305257822429;9.746646385545413;-0.14964032568667573;1
8;38038;4.295246230823709;1.848358458972543;9.801895740331332;-0.14811296522889952;1
8;48048;4.3034082351147;1.8480863921628434;9.85714509511725;-0.1465856047711233;1
8;58058;4.3098750325658255;1.847870832247806;9.88165339689682;-0.14924170085041083;1
8;68068;4.315553070819922;1.8476815643060027;9.891858259287842;-0.15384430855375184;1
8;78078;4.321231109074019;1.8474922963641993;9.902063121678864;-0.15844691625709284;1
8;88088;4.326909147328116;1.8473030284223961;9.912267984069887;-0.16304952396043382;1
8;98098;4.332587185582213;1.847113760480593;9.92247284646091;-0.16765213166377482;1
8;108108;4.338265223836309;1.8469244925387898;9.932677708851932;-0.17225473936711583;1
8;118118;4.343943262090407;1.8467352245969864;9.942882571242954;-0.1768573470704568;1
8;128128;4.349621300344503;1.8465459566551832;9.953087433633977;-0.1814599547737978;1
8;138138;4.3552993385986;1.84635668871338;9.963292296025;-0.18606256247713882;1
8;148148;4.360977376852698;1.8461674207715766;9.973497158416022;-0.1906651701804798;1
8;158158;4.366501385682341;1.8459807159352946;9.98347848298677;-0.19285884393566732;1
8;168168;4.370845025392315;1.8458136528695261;9.99174677680988;-0.17659220561853795;1
8;178178;4.375188665102289;1.845646589803758;10.000015070632989;-0.16032556730140854;1
8;188188;4.3795323048122645;1.8454795267379898;10.008283364456098;-0.14405892898427916;1
8;198198;4.383875944522239;1.8453124636722216;10.016551658279207;-0.12779229066714978;1
8;208208;4.388219584232213;1.8451454006064534;10.024819952102318;-0.11152565235002039;1
8;218218;4.3925632239421875;1.8449783375406852;10.033088245925427;-0.09525901403289101;1
8;228228;4.396906863652162;1.8448112744749168;10.041356539748536;-0.07899237571576162;1
8;238238;4.401250503362136;1.8446442114091486;10.049624833571645;-0.06272573739863224;1
8;248248;4.40559414307211;1.8444771483433804;10.057893127394756;-0.04645909908150286;1
8;258258;4.409937782782085;1.8443100852776122;10.066161421217865;-0.03019246076437347;1
8;268268;4.414281422492059;1.844143022211844;10.074429715040974;-0.013925822447244086;1
8;278278;4.419024605396934;1.8439634069501096;10.073614779186853;-2.021106738295277e-15;1
8;288288;4.426144723482302;1.8437091170184892;10.01876251158023;-2.021106738295277e-15;1
8;298298;4.433264841567672;1.843454827086869;9.963910243973604;-2.021106738295277e-15;1
8;308308;4.4403849596530405;1.8432005371552487;9.90905797636698;-2.021106738295277e-15;1
8;318318;4.44750507773841;1.8429462472236282;9.85420570876035;-2.021106738295277e-15;1
8;328328;4.454625195823779;1.842691957292008;9.799353441153725;-2.021106738295277e-15;1
8;338338;4.461745313909147;1.8424376673603875;9.7445011735471;-2.021106738295277e-15;1
8;348348;4.468865431994516;1.8421833774287673;9.689648905940476;-2.021106738295277e-15;1
8;358358;4.475128121815878;1.8419462799135295;9.630786319969994;0.0036628512066286334;1
8;368368;4.479173530000292;1.8417536414285574;9.561553180986781;0.016797716644958945;1
8;378378;4.483218938184707;1.8415610029435854;9.492320042003566;0.029932582083289257;1
8;388388;4.4872643463691215;1.8413683644586132;9.423086903020353;0.04306744752161957;1
8;398398;4.491309754553536;1.841175725973641;9.35385376403714;0.05620231295994988;1
8;408408;4.495355162737951;1.840983087488669;9.284620625053927;0.06933717839828019;1
8;418418;4.499400570922365;1.8407904490036968;9.215387486070714;0.0824720438366105;1
8;428428;4.50344597910678;1.8405978105187248;9.146154347087501;0.09560690927494081;1
8;438438;4.507491387291195;1.8404051720337526;9.076921208104286;0.10874177471327112;1
8;448448;4.511536795475609;1.8402125335487807;9.007688069121073;0.12187664015160143;1
8;458458;4.515582203660024;1.8400198950638085;8.93845493013786;0.13501150558993175;1
8;468468;4.518809647925163;1.84;8.885174312810756;0.13636803092830513;1
8;478478;4.521942886319785;1.84;8.833730966241145;0.1363680309283068;1
8;488488;4.525076124714407;1.84;8.782287619671532;0.1363680309283085;1
8;498498;4.5282093631090286;1.84;8.730844273101921;0.13636803092831015;1
8;508508;4.531342601503651;1.84;8.679400926532308;0.13636803092831185;1
8;518518;4.534475839898272;1.84;8.627957579962697;0.1363680309283135;1
8;528528;4.537609078292894;1.84;8.576514233393084;0.13636803092831518;1
8;538538;4.540742316687516;1.84;8.525070886823473;0.13636803092831687;1
8;548548;4.5438755550821375;1.84;8.47362754025386;0.13636803092831853;1
8;558558;4.54700879347676;1.84;8.422184193684249;0.1363680309283202;1
8;568568;4.550142031871381;1.84;8.370740847114636;0.1363680309283219;1
8;578578;4.553275270266003;1.84;8.319297500545025;0.13636803092832356;1
8;588588;4.556274373790736;1.84;8.28200016632206;0.1376922477428403;1
8;598598;4.55923311560527;1.84;8.248959422881889;0.1394149266079306;1
8;608608;4.562191857419803;1.84;8.215918679441717;0.14113760547302087;1
8;618618;4.565150599234337;1.84;8.182877936001544;0.14286028433811118;1
8;628628;4.568109341048871;1.84;8.149837192561373;0.14458296320320146;1
8;638638;4.571068082863404;1.84;8.116796449121201;0.14630564206829175;1
8;648648;4.574026824677937;1.84;8.08375570568103;0.14802832093338206;1
8;658658;4.576985566492471;1.84;8.050714962240859;0.14975099979847234;1
8;668668;4.579944308307004;1.84;8.017674218800687;0.15147367866356262;1
8;678678;4.582903050121538;1.84;7.984633475360516;0.1531963575286529;1
8;688688;4.585861791936071;1.84;7.9515927319203445;0.15491903639374321;1
8;698698;4.588820533750605;1.84;7.918551988480172;0.1566417152588335;1
8;708708;4.592583506665922;1.84;7.857238460298744;0.1564752876729789;1
8;718718;4.596879597361684;1.84;7.777183149769436;0.1550565879017136;1
8;728728;4.601175688057446;1.84;7.697127839240128;0.15363788813044826;1
8;738738;4.605471778753209;1.84;7.61707252871082;0.1522191883591829;1
8;748748;4.609767869448971;1.84;7.537017218181513;0.15080048858791759;1
8;758758;4.614063960144733;1.84;7.456961907652206;0.14938178881665226;1
8;768768;4.618360050840496;1.84;7.376906597122898;0.14796308904538694;1
8;778778;4.622656141536258;1.84;7.296851286593591;0.1465443892741216;1
8;788788;4.626505632777289;1.84;7.2458715660292015;0.14930754551209544;1
8;798798;4.630151831590768;1.84;7.20812707717823;0.15397428593670867;1
8;808808;4.6337980304042485;1.84;7.170382588327259;0.1586410263613219;1
8;818818;4.637444229217728;1.84;7.132638099476288;0.16330776678593514;1
8;828828;4.641090428031207;1.84;7.094893610625316;0.16797450721054838;1
8;838838;4.644736626844686;1.84;7.057149121774345;0.17264124763516164;1
8;848848;4.648382825658166;1.84;7.019404632923375;0.17730798805977488;1
8;858858;4.652029024471645;1.84;6.9816601440724035;0.18197472848438812;1
8;868868;4.655675223285124;1.84;6.943915655221432;0.18664146890900135;1
8;878878;4.659321422098604;1.84;6.906171166370461;0.1913082093336146;1
8;888888;4.662969706650311;1.84;6.877067043393156;0.19044474323094318;1
8;898898;4.666623764963472;1.84;6.871881267777057;0.17427250402389044;1
8;908908;4.670277823276633;1.84;6.866695492160956;0.1581002648168377;1
8;918918;4.673931881589794;1.84;6.861509716544856;0.14192802560978496;1
8;928928;4.677585939902954;1.84;6.856323940928757;0.12575578640273222;1
8;938938;4.681239998216116;1.84;6.851138165312657;0.10958354719567948;1
8;948948;4.684894056529276;1.84;6.845952389696557;0.09341130798862674;1
8;958958;4.688548114842438;1.84;6.840766614080457;0.077239068781574;1
8;968968;4.692202173155598;1.84;6.835580838464357;0.06106682957452125;1
8;978978;4.69585623146876;1.84;6.8303950628482575;0.044894590367468505;1
8;988988;4.69951028978192;1.84;6.825209287232157;0.028722351160415764;1
8;998998;4.703164348095081;1.84;6.820023511616058;0.012550111953363021;1
9;9009;4.706850337868844;1.84;6.822263919658477;0.0;1
9;19019;4.710646965225806;1.84;6.850234908040312;0.0;1
9;29029;4.714443592582766;1.84;6.878205896422147;0.0;1
9;39039;4.7182402199397275;1.84;6.9061768848039815;0.0;1
9;49049;4.722036847296689;1.84;6.934147873185817;0.0;1
9;59059;4.72583347465365;1.84;6.962118861567652;0.0;1
9;69069;4.729630102010612;1.84;6.990089849949487;0.0;1
9;79079;4.733426729367573;1.84;7.018060838331322;0.0;1
9;89089;4.7372233567245345;1.84;7.046031826713157;0.0;1
9;99099;4.741019984081495;1.84;7.0740028150949925;0.0;1
9;109109;4.7448166114384565;1.84;7.101973803476827;0.0;1
9;119119;4.748613238795418;1.84;7.129944791858662;0.0;1
9;129129;4.752373619565826;1.84;7.155336096357136;0.0;1
9;139139;4.755834491502864;1.84;7.159411238870697;0.0;1
9;149149;4.759295363439903;1.84;7.163486381384257;0.0;1
9;159159;4.7627562353769415;1.84;7.1675615238978185;0.0;1
9;169169;4.76621710731398;1.84;7.171636666411379;0.0;1
9;179179;4.769677979251019;1.84;7.175711808924941;0.0;1
9;189189;4.773138851188057;1.84;7.179786951438501;0.0;1
9;199199;4.776599723125096;1.84;7.1838620939520625;0.0;1
9;209209;4.780060595062134;1.84;7.187937236465623;0.0;1
9;219219;4.783521466999173;1.84;7.192012378979184;0.0;1
9;229229;4.786982338936212;1.84;7.196087521492745;0.0;1
9;239239;4.79044321087325;1.84;7.200162664006306;0.0;1
9;249249;4.793904082810289;1.84;7.204237806519867;0.0;1
9;259259;4.798050480027742;1.84;7.1903770046776145;0.0;1
9;269269;4.802216417971093;1.84;7.176004943247461;0.0;1
9;279279;4.806382355914444;1.84;7.161632881817308;0.0;1
9;289289;4.810548293857794;1.84;7.147260820387155;0.0;1
9;299299;4.814714231801145;1.84;7.132888758957002;0.0;1
9;309309;4.818880169744495;1.84;7.118516697526848;0.0;1
9;319319;4.823046107687846;1.84;7.104144636096696;0.0;1
9;329329;4.827212045631197;1.84;7.089772574666543;0.0;1
9;339339;4.831377983574547;1.84;7.0754005132363895;0.0;1
9;349349;4.835543921517898;1.84;7.061028451806236;0.0;1
9;359359;4.839709859461248;1.84;7.046656390376083;0.0;1
9;369369;4.843875797404599;1.84;7.03228432894593;0.0;1
9;379379;4.849633264001778;1.84;6.986618757382447;0.0;1
9;389389;4.855439638301328;1.84;6.9399915357248485;0.0;1
9;399399;4.861246012600878;1.84;6.893364314067249;0.0;1
9;409409;4.867052386900427;1.84;6.846737092409649;0.0;1
9;419419;4.872858761199978;1.84;6.80010987075205;0.0;1
9;429429;4.878665135499527;1.84;6.75348264909445;0.0;1
9;439439;4.884471509799077;1.84;6.706855427436851;0.0;1
9;449449;4.889323169227729;1.84;6.642616941406898;0.0;1
9;459459;4.892695955315691;1.84;6.5510982378271745;0.0;1
9;469469;4.896068741403653;1.84;6.459579534247451;0.0;1
9;479479;4.899441527491615;1.84;6.368060830667728;0.0;1
9;489489;4.902814313579578;1.84;6.276542127088005;0.0;1
9;499499;4.90618709966754;1.84;6.185023423508283;0.0;1
9;509509;4.909559885755502;1.84;6.09350471992856;0.0;1
9;519519;4.912932671843464;1.84;6.0019860163488366;0.0;1
9;529529;4.9163054579314265;1.84;5.910467312769113;0.0;1
9;539539;4.919678244019389;1.84;5.81894860918939;0.0;1
9;549549;4.9230510301073505;1.84;5.727429905609668;0.0;1
9;559559;4.925529917398907;1.84;5.646468832051524;0.0;1
9;569569;4.927658826401473;1.84;5.569641270369229;0.0;1
9;579579;4.929787735404039;1.84;5.492813708686934;0.0;1
9;589589;4.931916644406605;1.84;5.41598614700464;0.0;1
9;599599;4.93404555340917;1.84;5.339158585322345;0.0;1
9;609609;4.936174462411736;1.84;5.26233102364005;0.0;0
9;619619;4.938303371414301;1.84;5.185503461957755;0.0;0
9;629629;4.940432280416868;1.84;5.10867590027546;0.0;0
9;639639;4.9425611894194335;1.84;5.031848338593165;0.0;0
9;649649;4.944690098421999;1.84;4.955020776910871;0.0;0
9;659659;4.946819007424565;1.84;4.878193215228576;0.0;0
9;669669;4.94894791642713;1.84;4.801365653546281;0.0;0
9;679679;4.95080892143192;1.84;4.722521571865452;0.0;0
9;689689;4.952408177979261;1.84;4.641707303089934;0.0;0
9;699699;4.9540074345266;1.84;4.560893034314416;0.0;0
9;709709;4.955606691073941;1.84;4.480078765538898;0.0;0
9;719719;4.95720594762128;1.84;4.39926449676338;0.0;0
9;729729;4.958805204168621;1.84;4.318450227987862;0.0;0
9;739739;4.96040446071596;1.84;4.237635959212344;0.0;0
9;749749;4.9620037172633005;1.84;4.156821690436827;0.0;0
9;759759;4.96360297381064;1.84;4.076007421661308;0.0;0
9;769769;4.96520223035798;1.84;3.9951931528857902;0.0;0
9;779779;4.96680148690532;1.84;3.9143788841102722;0.0;0
9;789789;4.96840074345266;1.84;3.8335646153347542;0.0;0
9;799799;4.97;1.84;3.7527503465592362;0.0;0
9;809809;4.97;1.84;3.7527503465592362;0.0;0
9;819819;4.97;1.84;3.7527503465592362;0.0;0
9;829829;4.97;1.84;3.7527503465592362;0.0;0
9;839839;4.97;1.84;3.7527503465592362;0.0;0
9;849849;4.97;1.84;3.7527503465592362;0.0;0
9;859859;4.97;1.84;3.7527503465592362;0.0;0
9;869869;4.97;1.84;3.7527503465592362;0.0;0
9;879879;4.97;1.84;3.7527503465592362;0.0;0
9;889889;4.97;1.84;3.7527503465592362;0.0;0
9;899899;4.97;1.84;3.7527503465592362;0.0;0
9;909909;4.97;1.84;3.7527503465592362;0.0;0
9;919919;4.97;1.84;3.7527503465592362;0.0;0
9;929929;4.97;1.84;3.7527503465592362;0.0;0
9;939939;4.97;1.84;3.7527503465592362;0.0;0
9;949949;4.97;1.84;3.7527503465592362;0.0;0
9;959959;4.97;1.84;3.7527503465592362;0.0;0
9;969969;4.97;1.84;3.7527503465592362;0.0;0
9;979979;4.97;1.84;3.7527503465592362;0.0;0
9;989989;4.97;1.84;3.7527503465592362;0.0;0
10;0;4.97;1.84;3.7527503465592362;0.0;0
